{
  "6": {
    "inputs": {
      "text": [
        "101",
        0
      ],
      "clip": [
        "38",
        0
      ]
    },
    "class_type": "CLIPTextEncode",
    "_meta": {
      "title": "CLIP Text Encode (Positive Prompt)"
    }
  },
  "7": {
    "inputs": {
      "text": "low quality, worst quality, deformed, distorted, disfigured, motion smear, motion artifacts, fused fingers, bad anatomy, weird hand, ugly",
      "clip": [
        "38",
        0
      ]
    },
    "class_type": "CLIPTextEncode",
    "_meta": {
      "title": "CLIP Text Encode (Negative Prompt)"
    }
  },
  "8": {
    "inputs": {
      "samples": [
        "72",
        0
      ],
      "vae": [
        "44",
        2
      ]
    },
    "class_type": "VAEDecode",
    "_meta": {
      "title": "VAE Decode"
    }
  },
  "38": {
    "inputs": {
      "clip_name": "t5xxl_fp16.safetensors",
      "type": "ltxv",
      "device": "default"
    },
    "class_type": "CLIPLoader",
    "_meta": {
      "title": "Load CLIP"
    }
  },
  "41": {
    "inputs": {
      "filename_prefix": "ComfyUI",
      "fps": 24,
      "lossless": false,
      "quality": 90,
      "method": "default",
      "images": [
        "8",
        0
      ]
    },
    "class_type": "SaveAnimatedWEBP",
    "_meta": {
      "title": "SaveAnimatedWEBP"
    }
  },
  "44": {
    "inputs": {
      "ckpt_name": "ltx-video-2b-v0.9.5.safetensors"
    },
    "class_type": "CheckpointLoaderSimple",
    "_meta": {
      "title": "Load Checkpoint"
    }
  },
  "69": {
    "inputs": {
      "frame_rate": 25,
      "positive": [
        "95",
        0
      ],
      "negative": [
        "95",
        1
      ]
    },
    "class_type": "LTXVConditioning",
    "_meta": {
      "title": "LTXVConditioning"
    }
  },
  "71": {
    "inputs": {
      "steps": 30,
      "max_shift": 2.05,
      "base_shift": 0.9500000000000001,
      "stretch": true,
      "terminal": 0.1,
      "latent": [
        "95",
        2
      ]
    },
    "class_type": "LTXVScheduler",
    "_meta": {
      "title": "LTXVScheduler"
    }
  },
  "72": {
    "inputs": {
      "add_noise": true,
      "noise_seed": 1092847494041144,
      "cfg": 3,
      "model": [
        "44",
        0
      ],
      "positive": [
        "69",
        0
      ],
      "negative": [
        "69",
        1
      ],
      "sampler": [
        "73",
        0
      ],
      "sigmas": [
        "71",
        0
      ],
      "latent_image": [
        "95",
        2
      ]
    },
    "class_type": "SamplerCustom",
    "_meta": {
      "title": "SamplerCustom"
    }
  },
  "73": {
    "inputs": {
      "sampler_name": "euler"
    },
    "class_type": "KSamplerSelect",
    "_meta": {
      "title": "KSamplerSelect"
    }
  },
  "82": {
    "inputs": {
      "img_compression": 40,
      "image": [
        "103",
        0
      ]
    },
    "class_type": "LTXVPreprocess",
    "_meta": {
      "title": "LTXVPreprocess"
    }
  },
  "95": {
    "inputs": {
      "width": [
        "100",
        0
      ],
      "height": [
        "98",
        0
      ],
      "length": [
        "96",
        0
      ],
      "batch_size": 1,
      "positive": [
        "6",
        0
      ],
      "negative": [
        "7",
        0
      ],
      "vae": [
        "44",
        2
      ],
      "image": [
        "82",
        0
      ]
    },
    "class_type": "LTXVImgToVideo",
    "_meta": {
      "title": "LTXVImgToVideo"
    }
  },
  "96": {
    "inputs": {
      "a": [
        "97",
        0
      ],
      "b": 1,
      "operation": "add"
    },
    "class_type": "easy mathInt",
    "_meta": {
      "title": "Math Int"
    }
  },
  "97": {
    "inputs": {
      "value": 40,
      "display_name": "Number of frames",
      "optional": true,
      "advanced": true,
      "min": 8,
      "max": 256,
      "step": 8,
      "order": 12,
      "custom_id": "frames_count",
      "hidden": false
    },
    "class_type": "VixUiRangeInt",
    "_meta": {
      "title": "VixUI-RangeInt"
    }
  },
  "98": {
    "inputs": {
      "value": 512,
      "display_name": "Height",
      "optional": true,
      "advanced": true,
      "min": 384,
      "max": 768,
      "step": 32,
      "order": 11,
      "custom_id": "height",
      "hidden": false
    },
    "class_type": "VixUiRangeInt",
    "_meta": {
      "title": "VixUI-RangeInt"
    }
  },
  "100": {
    "inputs": {
      "value": 512,
      "display_name": "Width",
      "optional": true,
      "advanced": true,
      "min": 384,
      "max": 768,
      "step": 32,
      "order": 10,
      "custom_id": "width",
      "hidden": false
    },
    "class_type": "VixUiRangeInt",
    "_meta": {
      "title": "VixUI-RangeInt"
    }
  },
  "101": {
    "inputs": {
      "text": "",
      "display_name": "Prompt",
      "optional": false,
      "advanced": false,
      "order": 1,
      "custom_id": "prompt",
      "hidden": false,
      "translatable": true
    },
    "class_type": "VixUiPrompt",
    "_meta": {
      "title": "VixUI-Prompt"
    }
  },
  "102": {
    "inputs": {
      "name": "ltxv_img2video",
      "display_name": "LTXV: Image To Video",
      "description": "Quickly create short videos from images with resolution up to 768x768",
      "author": "Comfy Org",
      "homepage": "https://comfyanonymous.github.io/ComfyUI_examples/ltxv/",
      "documentation": "",
      "license": "",
      "tags": "[\"video\"]",
      "version": "1.0.0",
      "requires": "[]",
      "is_seed_supported": true,
      "is_count_supported": true,
      "is_translations_supported": true,
      "is_macos_supported": true,
      "required_memory_gb": 24,
      "hidden": false
    },
    "class_type": "VixUiWorkflowMetadata",
    "_meta": {
      "title": "VixUI-WorkflowMetadata"
    }
  },
  "103": {
    "inputs": {
      "image": ""
    },
    "class_type": "LoadImage",
    "_meta": {
      "title": "input;First frame;order=1;custom_id=image"
    }
  },
  "105": {
    "inputs": {
      "text": "[\n  {\n    \"display_name\": \"Animate(LTXV)\",\n    \"type\": \"image\"\n  }\n]"
    },
    "class_type": "Text Multiline (Code Compatible)",
    "_meta": {
      "title": "WF_SUBFLOWS"
    }
  }
}
