{
  "6": {
    "inputs": {
      "text": [
        "281",
        0
      ],
      "clip": [
        "287",
        1
      ]
    },
    "class_type": "CLIPTextEncode",
    "_meta": {
      "title": "CLIP Text Encode (Prompt)"
    }
  },
  "71": {
    "inputs": {
      "text": "",
      "clip": [
        "287",
        1
      ]
    },
    "class_type": "CLIPTextEncode",
    "_meta": {
      "title": "CLIP Text Encode (Negative Prompt)"
    }
  },
  "135": {
    "inputs": {
      "width": [
        "288",
        1
      ],
      "height": [
        "288",
        2
      ],
      "batch_size": 1
    },
    "class_type": "EmptySD3LatentImage",
    "_meta": {
      "title": "EmptySD3LatentImage"
    }
  },
  "231": {
    "inputs": {
      "samples": [
        "271",
        0
      ],
      "vae": [
        "286",
        2
      ]
    },
    "class_type": "VAEDecode",
    "_meta": {
      "title": "VAE Decode"
    }
  },
  "271": {
    "inputs": {
      "seed": 696689572470178,
      "steps": [
        "284",
        0
      ],
      "cfg": [
        "283",
        0
      ],
      "sampler_name": "dpmpp_2m",
      "scheduler": "sgm_uniform",
      "denoise": 1,
      "model": [
        "287",
        0
      ],
      "positive": [
        "6",
        0
      ],
      "negative": [
        "71",
        0
      ],
      "latent_image": [
        "135",
        0
      ]
    },
    "class_type": "KSampler",
    "_meta": {
      "title": "KSampler"
    }
  },
  "273": {
    "inputs": {
      "filename_prefix": "sd35/comfy_",
      "images": [
        "231",
        0
      ]
    },
    "class_type": "SaveImage",
    "_meta": {
      "title": "@ComfyOrg"
    }
  },
  "280": {
    "inputs": {
      "name": "sd3_5_large_8bit",
      "display_name": "SD3.5 Large (Small)",
      "description": "Analogue of Flux model, but from StabilityAI (FP8 precision)",
      "author": " Comfy-Org",
      "homepage": "",
      "documentation": "https://huggingface.co/stabilityai/stable-diffusion-3.5-large",
      "license": "",
      "tags": "[\"general\", \"simple\", \"loras\"]",
      "version": "1.1.1",
      "requires": "[]",
      "is_seed_supported": true,
      "is_count_supported": true,
      "is_translations_supported": true,
      "is_macos_supported": true,
      "required_memory_gb": 12,
      "hidden": false
    },
    "class_type": "VixUiWorkflowMetadata",
    "_meta": {
      "title": "VixUI-WorkflowMetadata"
    }
  },
  "281": {
    "inputs": {
      "text": "a close-up half-portrait photo of a woman wearing a sleek blue and white summer dress with a monstera plant motif,  red braided hair, she is on Brighton pebble beach UK, west pier behind her, early in the morning, seagulls flying overhead, focus on face",
      "display_name": "Prompt",
      "optional": false,
      "advanced": false,
      "order": 1,
      "custom_id": "prompt",
      "hidden": false,
      "translatable": true
    },
    "class_type": "VixUiPrompt",
    "_meta": {
      "title": "VixUI-Prompt"
    }
  },
  "283": {
    "inputs": {
      "value": 4.5,
      "display_name": "Prompt strength",
      "optional": true,
      "advanced": true,
      "min": 2.5,
      "max": 6,
      "step": 0.1,
      "order": 10,
      "custom_id": "prompt_strength",
      "hidden": false
    },
    "class_type": "VixUiRangeFloat",
    "_meta": {
      "title": "VixUI-RangeFloat"
    }
  },
  "284": {
    "inputs": {
      "value": 20,
      "display_name": "Steps number to generate",
      "optional": true,
      "advanced": true,
      "min": 20,
      "max": 60,
      "step": 1,
      "order": 98,
      "custom_id": "steps_count",
      "hidden": false
    },
    "class_type": "VixUiRangeInt",
    "_meta": {
      "title": "VixUI-RangeInt"
    }
  },
  "285": {
    "inputs": {
      "clip_name1": "clip_l.safetensors",
      "clip_name2": "clip_g.safetensors",
      "clip_name3": "t5xxl_fp16.safetensors"
    },
    "class_type": "TripleCLIPLoader",
    "_meta": {
      "title": "TripleCLIPLoader"
    }
  },
  "286": {
    "inputs": {
      "ckpt_name": "sd3.5_large_fp8_scaled.safetensors"
    },
    "class_type": "CheckpointLoaderSimple",
    "_meta": {
      "title": "Load Checkpoint"
    }
  },
  "287": {
    "inputs": {
      "base_model_type": "SD 3.5 Large",
      "description": "LoRAs to apply",
      "model": [
        "286",
        0
      ],
      "clip": [
        "285",
        0
      ]
    },
    "class_type": "VixDynamicLoraDefinition",
    "_meta": {
      "title": "VixUI-VixDynamicLoraDefinition"
    }
  },
  "288": {
    "inputs": {
      "aspect_ratio": "3:4 (896x1152)",
      "display_name": "Aspect Ratio",
      "optional": true,
      "advanced": true,
      "order": 2,
      "custom_id": "aspect_ratio",
      "hidden": false
    },
    "class_type": "VixUiAspectRatioSelector",
    "_meta": {
      "title": "VixUI-Aspect Ratio"
    }
  }
}
