{
  "6": {
    "inputs": {
      "text": [
        "281",
        0
      ],
      "clip": [
        "252",
        1
      ]
    },
    "class_type": "CLIPTextEncode",
    "_meta": {
      "title": "CLIP Text Encode (Prompt)"
    }
  },
  "71": {
    "inputs": {
      "text": "",
      "clip": [
        "252",
        1
      ]
    },
    "class_type": "CLIPTextEncode",
    "_meta": {
      "title": "CLIP Text Encode (Negative Prompt)"
    }
  },
  "135": {
    "inputs": {
      "width": [
        "282",
        1
      ],
      "height": [
        "282",
        2
      ],
      "batch_size": 1
    },
    "class_type": "EmptySD3LatentImage",
    "_meta": {
      "title": "EmptySD3LatentImage"
    }
  },
  "231": {
    "inputs": {
      "samples": [
        "271",
        0
      ],
      "vae": [
        "252",
        2
      ]
    },
    "class_type": "VAEDecode",
    "_meta": {
      "title": "VAE Decode"
    }
  },
  "252": {
    "inputs": {
      "ckpt_name": "sd3_medium_incl_clips_t5xxlfp16.safetensors"
    },
    "class_type": "CheckpointLoaderSimple",
    "_meta": {
      "title": "Load Checkpoint"
    }
  },
  "271": {
    "inputs": {
      "seed": 696689572470178,
      "steps": 28,
      "cfg": [
        "283",
        0
      ],
      "sampler_name": "dpmpp_2m",
      "scheduler": "sgm_uniform",
      "denoise": 1,
      "model": [
        "279",
        0
      ],
      "positive": [
        "6",
        0
      ],
      "negative": [
        "71",
        0
      ],
      "latent_image": [
        "135",
        0
      ]
    },
    "class_type": "KSampler",
    "_meta": {
      "title": "KSampler"
    }
  },
  "273": {
    "inputs": {
      "filename_prefix": "sd3/comfy_",
      "images": [
        "231",
        0
      ]
    },
    "class_type": "SaveImage",
    "_meta": {
      "title": "@Datou"
    }
  },
  "279": {
    "inputs": {
      "shift": 3,
      "model": [
        "252",
        0
      ]
    },
    "class_type": "ModelSamplingSD3",
    "_meta": {
      "title": "ModelSamplingSD3"
    }
  },
  "280": {
    "inputs": {
      "name": "sd3_medium",
      "display_name": "SD3 Medium",
      "description": "Simple one model flow for testing purposes",
      "author": "Datou",
      "homepage": "https://openart.ai/workflows/datou/sd3-basic-workflow/7Udt2JZ3Mwqf1if9EqWt",
      "documentation": "https://visionatrix.github.io/VixFlowsDocs/Flows/SD3_Medium/",
      "license": "",
      "tags": "[\"general\", \"simple\"]",
      "version": "1.0.2",
      "requires": "[]",
      "is_seed_supported": true,
      "is_count_supported": true,
      "is_translations_supported": true
    },
    "class_type": "VixUiWorkflowMetadata",
    "_meta": {
      "title": "VixUI-WorkflowMetadata"
    }
  },
  "281": {
    "inputs": {
      "text": "a close-up half-portrait photo of a woman wearing a sleek blue and white summer dress with a monstera plant motif,  red braided hair, she is on Brighton pebble beach UK, west pier behind her, early in the morning, seagulls flying overhead, focus on face",
      "display_name": "Prompt",
      "optional": false,
      "advanced": false,
      "order": 1,
      "custom_id": "prompt",
      "hidden": false,
      "translatable": true
    },
    "class_type": "VixUiPrompt",
    "_meta": {
      "title": "VixUI-Prompt"
    }
  },
  "282": {
    "inputs": {
      "aspect_ratio": "3:4"
    },
    "class_type": "SDXLAspectRatioSelector",
    "_meta": {
      "title": "input;Aspect Ratio;optional;advanced;order=2;custom_id=aspect_ratio"
    }
  },
  "283": {
    "inputs": {
      "value": 3.5,
      "display_name": "Prompt strength",
      "optional": true,
      "advanced": true,
      "min": 3,
      "max": 5,
      "step": 0.1,
      "order": 10,
      "custom_id": "prompt_strength",
      "hidden": false
    },
    "class_type": "VixUiRangeFloat",
    "_meta": {
      "title": "VixUI-RangeFloat"
    }
  }
}
