{
  "5": {
    "inputs": {
      "width": [
        "33",
        1
      ],
      "height": [
        "33",
        2
      ],
      "batch_size": [
        "31",
        0
      ]
    },
    "class_type": "EmptyLatentImage",
    "_meta": {
      "title": "Empty Latent Image"
    }
  },
  "6": {
    "inputs": {
      "text": [
        "26",
        0
      ],
      "clip": [
        "32",
        1
      ]
    },
    "class_type": "CLIPTextEncode",
    "_meta": {
      "title": "CLIP Text Encode (Prompt)"
    }
  },
  "8": {
    "inputs": {
      "samples": [
        "13",
        0
      ],
      "vae": [
        "10",
        0
      ]
    },
    "class_type": "VAEDecode",
    "_meta": {
      "title": "VAE Decode"
    }
  },
  "10": {
    "inputs": {
      "vae_name": "ae.safetensors"
    },
    "class_type": "VAELoader",
    "_meta": {
      "title": "Load VAE"
    }
  },
  "11": {
    "inputs": {
      "clip_name1": "t5xxl_fp16.safetensors",
      "clip_name2": "clip_l.safetensors",
      "type": "flux",
      "device": "default"
    },
    "class_type": "DualCLIPLoader",
    "_meta": {
      "title": "DualCLIPLoader"
    }
  },
  "12": {
    "inputs": {
      "unet_name": "flux1-schnell.safetensors",
      "weight_dtype": [
        "37",
        0
      ]
    },
    "class_type": "UNETLoader",
    "_meta": {
      "title": "Load Diffusion Model"
    }
  },
  "13": {
    "inputs": {
      "noise": [
        "25",
        0
      ],
      "guider": [
        "22",
        0
      ],
      "sampler": [
        "16",
        0
      ],
      "sigmas": [
        "17",
        0
      ],
      "latent_image": [
        "5",
        0
      ]
    },
    "class_type": "SamplerCustomAdvanced",
    "_meta": {
      "title": "SamplerCustomAdvanced"
    }
  },
  "16": {
    "inputs": {
      "sampler_name": "euler"
    },
    "class_type": "KSamplerSelect",
    "_meta": {
      "title": "KSamplerSelect"
    }
  },
  "17": {
    "inputs": {
      "scheduler": "simple",
      "steps": 4,
      "denoise": 1,
      "model": [
        "32",
        0
      ]
    },
    "class_type": "BasicScheduler",
    "_meta": {
      "title": "BasicScheduler"
    }
  },
  "22": {
    "inputs": {
      "model": [
        "32",
        0
      ],
      "conditioning": [
        "6",
        0
      ]
    },
    "class_type": "BasicGuider",
    "_meta": {
      "title": "BasicGuider"
    }
  },
  "25": {
    "inputs": {
      "noise_seed": 1
    },
    "class_type": "RandomNoise",
    "_meta": {
      "title": "RandomNoise"
    }
  },
  "26": {
    "inputs": {
      "text": "",
      "display_name": "Prompt",
      "optional": false,
      "advanced": false,
      "order": 1,
      "custom_id": "prompt",
      "hidden": false,
      "translatable": true
    },
    "class_type": "VixUiPrompt",
    "_meta": {
      "title": "VixUI-Prompt"
    }
  },
  "28": {
    "inputs": {
      "name": "flux1_schnell",
      "display_name": "Flux Lighting",
      "description": "Excellent model that perfectly generates not only the objects, but also the text",
      "author": "ComfyOrg",
      "homepage": "https://comfyanonymous.github.io/ComfyUI_examples/flux/#simple-to-use-fp8-checkpoint-version",
      "documentation": "https://huggingface.co/black-forest-labs/FLUX.1-dev",
      "license": "",
      "tags": "[\"general\", \"lighting\", \"simple\", \"loras\"]",
      "version": "1.2.0",
      "requires": "[]",
      "is_seed_supported": true,
      "is_count_supported": true,
      "is_translations_supported": true,
      "is_macos_supported": true,
      "required_memory_gb": 12,
      "hidden": false,
      "remote_vae": true
    },
    "class_type": "VixUiWorkflowMetadata",
    "_meta": {
      "title": "VixUI-WorkflowMetadata"
    }
  },
  "31": {
    "inputs": {
      "value": 1,
      "display_name": "Batch size",
      "optional": true,
      "advanced": true,
      "min": 1,
      "max": 10,
      "step": 1,
      "order": 99,
      "custom_id": "batch_size",
      "hidden": true
    },
    "class_type": "VixUiRangeInt",
    "_meta": {
      "title": "VixUI-RangeInt"
    }
  },
  "32": {
    "inputs": {
      "base_model_type": "Flux.1 S",
      "description": "Applied Flux Schnell LoRAs",
      "model": [
        "12",
        0
      ],
      "clip": [
        "11",
        0
      ]
    },
    "class_type": "VixDynamicLoraDefinition",
    "_meta": {
      "title": "VixUI-VixDynamicLoraDefinition"
    }
  },
  "33": {
    "inputs": {
      "aspect_ratio": "1:1 (1024x1024)",
      "display_name": "Aspect Ratio",
      "optional": true,
      "advanced": true,
      "order": 2,
      "custom_id": "aspect_ratio",
      "hidden": false
    },
    "class_type": "VixUiAspectRatioSelector",
    "_meta": {
      "title": "VixUI-Aspect Ratio"
    }
  },
  "34": {
    "inputs": {
      "vae_type": "Flux",
      "samples": [
        "13",
        0
      ]
    },
    "class_type": "RemoteVAEDecode",
    "_meta": {
      "title": "VAE Decode (Remote)"
    }
  },
  "35": {
    "inputs": {
      "filename_prefix": "ComfyUI",
      "images": [
        "36",
        0
      ]
    },
    "class_type": "SaveImage",
    "_meta": {
      "title": "Save Image"
    }
  },
  "36": {
    "inputs": {
      "state": false,
      "input_off_state": [
        "8",
        0
      ],
      "input_on_state": [
        "34",
        0
      ]
    },
    "class_type": "VixCheckboxLogic",
    "_meta": {
      "title": "remote_vae"
    }
  },
  "37": {
    "inputs": {
      "default_value": "fp8_e4m3fn",
      "possible_values": "[\"default\", \"fp8_e4m3fn\", \"fp8_e4m3fn_fast\", \"fp8_e5m2\"]",
      "display_name": "Diffusion precision",
      "optional": true,
      "advanced": true,
      "order": 30,
      "custom_id": "diffusion_precision",
      "hidden": false
    },
    "class_type": "VixUiList",
    "_meta": {
      "title": "VixUI-List"
    }
  }
}
