{
  "2": {
    "inputs": {
      "image": "",
      "upload": "image"
    },
    "class_type": "LoadImage",
    "_meta": {
      "title": "input;Input image;order=1;custom_id=input_image"
    }
  },
  "13": {
    "inputs": {
      "filename_prefix": "ComfyUI",
      "images": [
        "23",
        0
      ]
    },
    "class_type": "SaveImage",
    "_meta": {
      "title": "Save Image"
    }
  },
  "16": {
    "inputs": {
      "name": "remove_background_birefnet",
      "display_name": "Remove background (BiRefNet)",
      "description": "Foregrounding (commercial use)",
      "author": "bigcat88",
      "homepage": "https://github.com/zhengpeng7/birefnet",
      "documentation": "",
      "license": "",
      "tags": "[\"background\", \"postprocess\"]",
      "version": "2.0.3",
      "requires": "[]",
      "is_seed_supported": false,
      "is_count_supported": false,
      "is_translations_supported": false,
      "is_macos_supported": false,
      "required_memory_gb": 6,
      "hidden": false,
      "remote_vae": false
    },
    "class_type": "VixUiWorkflowMetadata",
    "_meta": {
      "title": "VixUI-WorkflowMetadata"
    }
  },
  "23": {
    "inputs": {
      "model": [
        "24",
        0
      ],
      "images": [
        "2",
        0
      ]
    },
    "class_type": "RembgByBiRefNet",
    "_meta": {
      "title": "RembgByBiRefNet"
    }
  },
  "24": {
    "inputs": {
      "model": "General.safetensors",
      "device": "AUTO",
      "use_weight": false,
      "dtype": "float32"
    },
    "class_type": "LoadRembgByBiRefNetModel",
    "_meta": {
      "title": "LoadRembgByBiRefNetModel"
    }
  },
  "25": {
    "inputs": {
      "value": "[\n  {\n    \"display_name\": \"Remove background (BiRefNet)\"\n,    \"type\": \"image\"\n  }\n]"
    },
    "class_type": "PrimitiveStringMultiline",
    "_meta": {
      "title": "WF_SUBFLOWS"
    }
  }
}
