{
  "311": {
    "inputs": {
      "name": "remove_background_bria",
      "display_name": "Remove background (Bria)",
      "description": "Foregrounding (non-commercial)",
      "author": "bigcat88",
      "homepage": "https://huggingface.co/briaai/RMBG-2.0",
      "documentation": "",
      "license": "",
      "tags": "[\"background\", \"postprocess\"]",
      "version": "2.0.4",
      "requires": "[]",
      "is_seed_supported": false,
      "is_count_supported": false,
      "is_translations_supported": false,
      "is_macos_supported": false,
      "required_memory_gb": 6,
      "hidden": false,
      "remote_vae": false
    },
    "class_type": "VixUiWorkflowMetadata",
    "_meta": {
      "title": "VixUI-WorkflowMetadata"
    }
  },
  "319": {
    "inputs": {
      "filename_prefix": "",
      "images": [
        "322",
        0
      ]
    },
    "class_type": "SaveImage",
    "_meta": {
      "title": "Save Image"
    }
  },
  "320": {
    "inputs": {
      "image": "",
      "upload": "image"
    },
    "class_type": "LoadImage",
    "_meta": {
      "title": "input;Input image;order=1;custom_id=input_image"
    }
  },
  "321": {
    "inputs": {
      "model": "bria-rmbg-2.safetensors",
      "device": "AUTO",
      "use_weight": false,
      "dtype": "float32"
    },
    "class_type": "LoadRembgByBiRefNetModel",
    "_meta": {
      "title": "LoadRembgByBiRefNetModel"
    }
  },
  "322": {
    "inputs": {
      "model": [
        "321",
        0
      ],
      "images": [
        "320",
        0
      ]
    },
    "class_type": "RembgByBiRefNet",
    "_meta": {
      "title": "RembgByBiRefNet"
    }
  },
  "323": {
    "inputs": {
      "value": "[\n  {\n    \"display_name\": \"Remove background (Bria)\"\n,    \"type\": \"image\"\n  }\n]"
    },
    "class_type": "PrimitiveStringMultiline",
    "_meta": {
      "title": "WF_SUBFLOWS"
    }
  }
}
