{
  "2": {
    "inputs": {
      "ckpt_name": "colorfulxl_v73.safetensors"
    },
    "class_type": "CheckpointLoaderSimple",
    "_meta": {
      "title": "Load Checkpoint"
    }
  },
  "13": {
    "inputs": {
      "vae_name": "sdxl_vae.safetensors"
    },
    "class_type": "VAELoader",
    "_meta": {
      "title": "Load VAE"
    }
  },
  "242": {
    "inputs": {
      "text": "",
      "clip": [
        "2",
        1
      ]
    },
    "class_type": "CLIPTextEncode",
    "_meta": {
      "title": "CLIP Text Encode (Prompt)"
    }
  },
  "243": {
    "inputs": {
      "text": [
        "309",
        0
      ],
      "clip": [
        "2",
        1
      ]
    },
    "class_type": "CLIPTextEncode",
    "_meta": {
      "title": "CLIP Text Encode (Prompt)"
    }
  },
  "268": {
    "inputs": {
      "add_noise": true,
      "noise_seed": 1,
      "cfg": [
        "308",
        0
      ],
      "model": [
        "2",
        0
      ],
      "positive": [
        "321",
        0
      ],
      "negative": [
        "321",
        1
      ],
      "sampler": [
        "273",
        0
      ],
      "sigmas": [
        "270",
        0
      ],
      "latent_image": [
        "321",
        2
      ]
    },
    "class_type": "SamplerCustom",
    "_meta": {
      "title": "SamplerCustom"
    }
  },
  "270": {
    "inputs": {
      "model_type": "SDXL",
      "steps": [
        "315",
        0
      ],
      "denoise": [
        "323",
        0
      ]
    },
    "class_type": "AlignYourStepsScheduler",
    "_meta": {
      "title": "AlignYourStepsScheduler"
    }
  },
  "273": {
    "inputs": {
      "sampler_name": "euler_ancestral"
    },
    "class_type": "KSamplerSelect",
    "_meta": {
      "title": "KSamplerSelect"
    }
  },
  "275": {
    "inputs": {
      "samples": [
        "324",
        0
      ],
      "vae": [
        "13",
        0
      ]
    },
    "class_type": "VAEDecode",
    "_meta": {
      "title": "VAE Decode"
    }
  },
  "297": {
    "inputs": {
      "samples": [
        "268",
        0
      ],
      "vae": [
        "13",
        0
      ]
    },
    "class_type": "VAEDecode",
    "_meta": {
      "title": "VAE Decode"
    }
  },
  "307": {
    "inputs": {
      "state": true,
      "display_name": "Fast Run",
      "optional": true,
      "advanced": true,
      "order": 4,
      "custom_id": "fast_run",
      "hidden": false,
      "input_off_state": [
        "275",
        0
      ],
      "input_on_state": [
        "297",
        0
      ]
    },
    "class_type": "VixUiCheckboxLogic",
    "_meta": {
      "title": "VixUI-CheckboxLogic"
    }
  },
  "308": {
    "inputs": {
      "value": 1,
      "display_name": "Vibrancy",
      "optional": true,
      "advanced": true,
      "min": 1,
      "max": 4.5,
      "step": 0.1,
      "order": 11,
      "custom_id": "vibrancy",
      "hidden": false
    },
    "class_type": "VixUiRangeFloat",
    "_meta": {
      "title": "VixUI-RangeFloat"
    }
  },
  "309": {
    "inputs": {
      "text": "",
      "display_name": "Prompt",
      "optional": false,
      "advanced": false,
      "order": 10,
      "custom_id": "prompt",
      "hidden": false,
      "translatable": true
    },
    "class_type": "VixUiPrompt",
    "_meta": {
      "title": "VixUI-Prompt"
    }
  },
  "312": {
    "inputs": {
      "filename_prefix": "12",
      "images": [
        "322",
        0
      ]
    },
    "class_type": "SaveImage",
    "_meta": {
      "title": "Save Image"
    }
  },
  "314": {
    "inputs": {
      "value": 45,
      "display_name": "Steps number to generate",
      "optional": true,
      "advanced": true,
      "min": 30,
      "max": 60,
      "step": 1,
      "order": 98,
      "custom_id": "steps_count",
      "hidden": false
    },
    "class_type": "VixUiRangeInt",
    "_meta": {
      "title": "VixUI-RangeInt"
    }
  },
  "315": {
    "inputs": {
      "python_expression": "a//3",
      "print_to_console": "False",
      "a": [
        "314",
        0
      ],
      "b": 0,
      "c": 0
    },
    "class_type": "Evaluate Integers",
    "_meta": {
      "title": "Evaluate Integers"
    }
  },
  "319": {
    "inputs": {
      "context_expand_pixels": 0,
      "context_expand_factor": 1,
      "fill_mask_holes": false,
      "blur_mask_pixels": 12,
      "invert_mask": false,
      "blend_pixels": 0,
      "rescale_algorithm": "bislerp",
      "mode": "forced size",
      "force_width": 1024,
      "force_height": 1024,
      "rescale_factor": 1,
      "min_width": 1024,
      "min_height": 1024,
      "max_width": 1024,
      "max_height": 1024,
      "padding": 32,
      "image": [
        "327",
        0
      ],
      "mask": [
        "332",
        0
      ],
      "optional_context_mask": [
        "334",
        0
      ]
    },
    "class_type": "InpaintCrop",
    "_meta": {
      "title": "✂️ Inpaint Crop"
    }
  },
  "321": {
    "inputs": {
      "positive": [
        "243",
        0
      ],
      "negative": [
        "242",
        0
      ],
      "vae": [
        "13",
        0
      ],
      "pixels": [
        "319",
        1
      ],
      "mask": [
        "319",
        2
      ]
    },
    "class_type": "InpaintModelConditioning",
    "_meta": {
      "title": "InpaintModelConditioning"
    }
  },
  "322": {
    "inputs": {
      "rescale_algorithm": "bislerp",
      "stitch": [
        "319",
        0
      ],
      "inpainted_image": [
        "307",
        0
      ]
    },
    "class_type": "InpaintStitch",
    "_meta": {
      "title": "✂️ Inpaint Stitch"
    }
  },
  "323": {
    "inputs": {
      "value": 0.5,
      "display_name": "Replacing factor",
      "optional": true,
      "advanced": true,
      "min": 0.1,
      "max": 1,
      "step": 0.01,
      "order": 90,
      "custom_id": "denoise",
      "hidden": false
    },
    "class_type": "VixUiRangeFloat",
    "_meta": {
      "title": "VixUI-RangeFloat"
    }
  },
  "324": {
    "inputs": {
      "seed": 1,
      "steps": [
        "314",
        0
      ],
      "cfg": [
        "308",
        0
      ],
      "sampler_name": "euler_ancestral",
      "scheduler": "simple",
      "denoise": [
        "323",
        0
      ],
      "model": [
        "2",
        0
      ],
      "positive": [
        "321",
        0
      ],
      "negative": [
        "321",
        1
      ],
      "latent_image": [
        "321",
        2
      ]
    },
    "class_type": "KSampler",
    "_meta": {
      "title": "KSampler"
    }
  },
  "325": {
    "inputs": {
      "text": "[\n  {\n    \"display_name\": \"ColorfulXL Redraw\",\n    \"type\": \"image-inpaint\"\n  }\n]"
    },
    "class_type": "Text Multiline (Code Compatible)",
    "_meta": {
      "title": "WF_SUBFLOWS"
    }
  },
  "326": {
    "inputs": {
      "name": "colorful_xl_inpaint",
      "display_name": "ColorfulXL Redraw",
      "description": "Redrawing parts of an image",
      "author": "bigcat88",
      "homepage": "https://openart.ai/workflows/profile/akita_deadly_60?sort=latest",
      "documentation": "https://visionatrix.github.io/VixFlowsDocs/Flows/Inpaint/",
      "license": "",
      "tags": "[\"redraw\", \"postprocess\"]",
      "version": "2.0.1",
      "requires": "[]",
      "is_seed_supported": true,
      "is_count_supported": true,
      "is_translations_supported": true
    },
    "class_type": "VixUiWorkflowMetadata",
    "_meta": {
      "title": "VixUI-WorkflowMetadata"
    }
  },
  "327": {
    "inputs": {
      "image": "",
      "upload": "image"
    },
    "class_type": "LoadImage",
    "_meta": {
      "title": "input;Image to redraw;order=1;custom_id=source_image;"
    }
  },
  "328": {
    "inputs": {
      "image": "",
      "upload": "image"
    },
    "class_type": "LoadImage",
    "_meta": {
      "title": "input;Mask to redraw;order=2;custom_id=mask_redraw;mask;source_input_name=source_image"
    }
  },
  "329": {
    "inputs": {
      "image": "",
      "upload": "image"
    },
    "class_type": "LoadImage",
    "_meta": {
      "title": "input;Context to include;order=3;custom_id=mask_context;mask;optional;source_input_name=source_image"
    }
  },
  "330": {
    "inputs": {
      "channel": "red",
      "image": [
        "328",
        0
      ]
    },
    "class_type": "ImageToMask",
    "_meta": {
      "title": "Convert Image to Mask"
    }
  },
  "332": {
    "inputs": {
      "threshold": 128,
      "mask": [
        "330",
        0
      ]
    },
    "class_type": "ToBinaryMask",
    "_meta": {
      "title": "ToBinaryMask"
    }
  },
  "333": {
    "inputs": {
      "channel": "red",
      "image": [
        "329",
        0
      ]
    },
    "class_type": "ImageToMask",
    "_meta": {
      "title": "Convert Image to Mask"
    }
  },
  "334": {
    "inputs": {
      "threshold": 128,
      "mask": [
        "333",
        0
      ]
    },
    "class_type": "ToBinaryMask",
    "_meta": {
      "title": "ToBinaryMask"
    }
  }
}
