{
  "336": {
    "inputs": {
      "weight": 0.6,
      "start_at": 0,
      "end_at": 0.85,
      "instantid": [
        "337",
        0
      ],
      "insightface": [
        "338",
        0
      ],
      "control_net": [
        "339",
        0
      ],
      "image": [
        "383",
        0
      ],
      "model": [
        "384",
        0
      ],
      "positive": [
        "384",
        1
      ],
      "negative": [
        "384",
        2
      ],
      "image_kps": [
        "394",
        0
      ]
    },
    "class_type": "ApplyInstantID",
    "_meta": {
      "title": "Apply InstantID"
    }
  },
  "337": {
    "inputs": {
      "instantid_file": "instantid-ip-adapter.bin"
    },
    "class_type": "InstantIDModelLoader",
    "_meta": {
      "title": "Load InstantID Model"
    }
  },
  "338": {
    "inputs": {
      "provider": "CPU"
    },
    "class_type": "InstantIDFaceAnalysis",
    "_meta": {
      "title": "InstantID Face Analysis"
    }
  },
  "339": {
    "inputs": {
      "control_net_name": "instantid-controlnet.safetensors"
    },
    "class_type": "ControlNetLoader",
    "_meta": {
      "title": "Load ControlNet Model"
    }
  },
  "359": {
    "inputs": {
      "filename_prefix": "Animagine XL 3.1/img_",
      "images": [
        "390",
        0
      ]
    },
    "class_type": "SaveImage",
    "_meta": {
      "title": "@Datou https://twitter.com/Datou"
    }
  },
  "383": {
    "inputs": {
      "upscale_method": "lanczos",
      "megapixels": 1,
      "image": [
        "393",
        0
      ]
    },
    "class_type": "ImageScaleToTotalPixels",
    "_meta": {
      "title": "ImageScaleToTotalPixels"
    }
  },
  "384": {
    "inputs": {
      "ckpt_name": "animagine-xl-3.1.safetensors",
      "vae_name": "Baked VAE",
      "clip_skip": -1,
      "lora_name": "The_Simplest.safetensors",
      "lora_model_strength": [
        "408",
        0
      ],
      "lora_clip_strength": 1,
      "positive": [
        "415",
        0
      ],
      "negative": "nsfw, lowres, (bad), text, error, fewer, extra, missing, worst quality, jpeg artifacts, low quality, watermark, unfinished, displeasing, oldest, early, chromatic aberration, signature, extra digits, artistic error, username, scan, [abstract]",
      "token_normalization": "none",
      "weight_interpretation": "comfy",
      "empty_latent_width": 896,
      "empty_latent_height": 1152,
      "batch_size": 1
    },
    "class_type": "Efficient Loader",
    "_meta": {
      "title": "Efficient Loader"
    }
  },
  "387": {
    "inputs": {
      "model_type": "SDXL",
      "steps": 10,
      "denoise": 1
    },
    "class_type": "AlignYourStepsScheduler",
    "_meta": {
      "title": "AlignYourStepsScheduler"
    }
  },
  "388": {
    "inputs": {
      "add_noise": true,
      "noise_seed": 419700299856744,
      "cfg": [
        "392",
        0
      ],
      "model": [
        "401",
        0
      ],
      "positive": [
        "336",
        1
      ],
      "negative": [
        "336",
        2
      ],
      "sampler": [
        "389",
        0
      ],
      "sigmas": [
        "387",
        0
      ],
      "latent_image": [
        "384",
        3
      ]
    },
    "class_type": "SamplerCustom",
    "_meta": {
      "title": "SamplerCustom"
    }
  },
  "389": {
    "inputs": {
      "sampler_name": "dpmpp_2m"
    },
    "class_type": "KSamplerSelect",
    "_meta": {
      "title": "KSamplerSelect"
    }
  },
  "390": {
    "inputs": {
      "samples": [
        "388",
        0
      ],
      "vae": [
        "384",
        4
      ]
    },
    "class_type": "VAEDecode",
    "_meta": {
      "title": "VAE Decode"
    }
  },
  "391": {
    "inputs": {
      "name": "comicu_portrait",
      "display_name": "ComicU Portrait",
      "description": "Person portrait in Anime style",
      "author": "Datou",
      "homepage": "https://openart.ai/workflows/datou/comicu/8fIWdL2KU2myMdfigoWk",
      "documentation": "https://visionatrix.github.io/VixFlowsDocs/Flows/ComicuPortrait/",
      "license": "",
      "tags": "[\"anime\", \"portrait\"]",
      "version": "2.1.1",
      "requires": "[]",
      "is_seed_supported": true,
      "is_count_supported": true,
      "is_translations_supported": true,
      "is_macos_supported": true,
      "required_memory_gb": 6,
      "hidden": false,
      "remote_vae": false
    },
    "class_type": "VixUiWorkflowMetadata",
    "_meta": {
      "title": "VixUI-WorkflowMetadata"
    }
  },
  "392": {
    "inputs": {
      "value": 7,
      "display_name": "Prompt strength",
      "optional": true,
      "advanced": true,
      "min": 3,
      "max": 10,
      "step": 0.1,
      "order": 90,
      "custom_id": "prompt_strength",
      "hidden": false
    },
    "class_type": "VixUiRangeFloat",
    "_meta": {
      "title": "VixUI-RangeFloat"
    }
  },
  "393": {
    "inputs": {
      "image": ""
    },
    "class_type": "LoadImage",
    "_meta": {
      "title": "input;Person's face;order=1;custom_id=person_face"
    }
  },
  "394": {
    "inputs": {
      "image": ""
    },
    "class_type": "LoadImage",
    "_meta": {
      "title": "input;Person's face pose; optional;advanced;order=2;custom_id=person_pose"
    }
  },
  "396": {
    "inputs": {
      "default_value": "girl",
      "possible_values": "[\"girl\", \"boy\", \"man\", \"woman\"]",
      "display_name": "Base gender",
      "optional": false,
      "advanced": false,
      "order": 2,
      "custom_id": "",
      "hidden": false
    },
    "class_type": "VixUiList",
    "_meta": {
      "title": "VixUI-List"
    }
  },
  "400": {
    "inputs": {
      "text": "",
      "display_name": "Prompt",
      "optional": true,
      "advanced": true,
      "order": 10,
      "custom_id": "prompt",
      "hidden": false,
      "translatable": true
    },
    "class_type": "VixUiPrompt",
    "_meta": {
      "title": "VixUI-Prompt"
    }
  },
  "401": {
    "inputs": {
      "Skimming_CFG": [
        "392",
        0
      ],
      "full_skim_negative": [
        "410",
        0
      ],
      "disable_flipping_filter": false,
      "model": [
        "336",
        0
      ]
    },
    "class_type": "Skimmed CFG",
    "_meta": {
      "title": "Skimmed CFG"
    }
  },
  "408": {
    "inputs": {
      "value": 0.5,
      "display_name": "Simplify Style effect strength",
      "optional": true,
      "advanced": true,
      "min": 0.1,
      "max": 1,
      "step": 0.1,
      "order": 92,
      "custom_id": "simplest_lora_strenth",
      "hidden": false
    },
    "class_type": "VixUiRangeFloat",
    "_meta": {
      "title": "VixUI-RangeFloat"
    }
  },
  "410": {
    "inputs": {
      "state": false,
      "display_name": "Simplified Detailing",
      "optional": true,
      "advanced": true,
      "order": 91,
      "custom_id": "",
      "hidden": false
    },
    "class_type": "VixUiCheckbox",
    "_meta": {
      "title": "VixUI-Checkbox"
    }
  },
  "411": {
    "inputs": {
      "text": "[1{gender}] {prompt}, looking at viewer, half body, (masterpiece), (best quality), (ultra-detailed), very aesthetic, illustration, perfect composition"
    },
    "class_type": "VixMultilineText",
    "_meta": {
      "title": "Text Multiline"
    }
  },
  "413": {
    "inputs": {
      "text": [
        "411",
        0
      ],
      "find": "{gender}",
      "replace": [
        "396",
        0
      ]
    },
    "class_type": "VixTextReplace",
    "_meta": {
      "title": "Text Replace"
    }
  },
  "415": {
    "inputs": {
      "text": [
        "413",
        0
      ],
      "find": "{prompt}",
      "replace": [
        "400",
        0
      ]
    },
    "class_type": "VixTextReplace",
    "_meta": {
      "title": "Text Replace"
    }
  }
}
