{
  "14": {
    "inputs": {
      "ckpt_name": "Juggernaut_RunDiffusionPhoto2_Lightning_4Steps.safetensors"
    },
    "class_type": "CheckpointLoaderSimple",
    "_meta": {
      "title": "Load Checkpoint Base"
    }
  },
  "290": {
    "inputs": {
      "text": [
        "394",
        0
      ],
      "clip": [
        "379",
        1
      ]
    },
    "class_type": "CLIPTextEncode",
    "_meta": {
      "title": "CLIP Text Encode (Positive Prompt)"
    }
  },
  "291": {
    "inputs": {
      "text": "Signature, deformed, smooth, plastic, blurry, grainy, ((hands)), ((hand)), photo\n",
      "clip": [
        "379",
        1
      ]
    },
    "class_type": "CLIPTextEncode",
    "_meta": {
      "title": "CLIP Text Encode (Negative Prompt)"
    }
  },
  "336": {
    "inputs": {
      "weight": 0.6,
      "start_at": 0,
      "end_at": 1,
      "instantid": [
        "337",
        0
      ],
      "insightface": [
        "338",
        0
      ],
      "control_net": [
        "339",
        0
      ],
      "image": [
        "389",
        0
      ],
      "model": [
        "379",
        0
      ],
      "positive": [
        "290",
        0
      ],
      "negative": [
        "291",
        0
      ],
      "image_kps": [
        "387",
        0
      ]
    },
    "class_type": "ApplyInstantID",
    "_meta": {
      "title": "Apply InstantID"
    }
  },
  "337": {
    "inputs": {
      "instantid_file": "instantid-ip-adapter.bin"
    },
    "class_type": "InstantIDModelLoader",
    "_meta": {
      "title": "Load InstantID Model"
    }
  },
  "338": {
    "inputs": {
      "provider": "CPU"
    },
    "class_type": "InstantIDFaceAnalysis",
    "_meta": {
      "title": "InstantID Face Analysis"
    }
  },
  "339": {
    "inputs": {
      "control_net_name": "instantid-controlnet.safetensors"
    },
    "class_type": "ControlNetLoader",
    "_meta": {
      "title": "Load ControlNet Model"
    }
  },
  "345": {
    "inputs": {
      "width": 832,
      "height": 1216,
      "batch_size": 1
    },
    "class_type": "EmptyLatentImage",
    "_meta": {
      "title": "Empty Latent Image"
    }
  },
  "357": {
    "inputs": {
      "seed": 2,
      "steps": 4,
      "cfg": 1.8,
      "sampler_name": "dpmpp_sde",
      "scheduler": "karras",
      "denoise": 1,
      "preview_method": "none",
      "vae_decode": "true",
      "model": [
        "336",
        0
      ],
      "positive": [
        "336",
        1
      ],
      "negative": [
        "336",
        2
      ],
      "latent_image": [
        "345",
        0
      ],
      "optional_vae": [
        "14",
        2
      ]
    },
    "class_type": "KSampler (Efficient)",
    "_meta": {
      "title": "KSampler (Efficient)"
    }
  },
  "359": {
    "inputs": {
      "filename_prefix": "Ghibli Portrait Studio/img_",
      "images": [
        "357",
        5
      ]
    },
    "class_type": "SaveImage",
    "_meta": {
      "title": "Save Image"
    }
  },
  "379": {
    "inputs": {
      "lora_name": "StudioGhibli.Redmond-StdGBRRedmAF-StudioGhibli.safetensors",
      "strength_model": 1,
      "strength_clip": 1,
      "model": [
        "14",
        0
      ],
      "clip": [
        "14",
        1
      ]
    },
    "class_type": "LoraLoader",
    "_meta": {
      "title": "Load LoRA"
    }
  },
  "384": {
    "inputs": {
      "name": "ghibli_portrait",
      "display_name": "Ghibli Portrait",
      "description": "Person portrait in Ghibli Studio style(Anime)",
      "author": "Datou",
      "homepage": "https://openart.ai/workflows/datou/ghibli-portrait-studio/pGOmpWZycgG57085CONU",
      "documentation": "https://visionatrix.github.io/VixFlowsDocs/Flows/GhibliPortrait/",
      "license": "",
      "tags": "[\"anime\", \"portrait\"]",
      "version": "1.2.1",
      "requires": "[]",
      "is_seed_supported": true,
      "is_count_supported": true,
      "is_translations_supported": true,
      "is_macos_supported": true,
      "required_memory_gb": 6
    },
    "class_type": "VixUiWorkflowMetadata",
    "_meta": {
      "title": "VixUI-WorkflowMetadata"
    }
  },
  "387": {
    "inputs": {
      "image": "",
      "upload": "image"
    },
    "class_type": "LoadImage",
    "_meta": {
      "title": "input;Person's face pose; optional;advanced;order=2;custom_id=person_pose"
    }
  },
  "389": {
    "inputs": {
      "image": "",
      "upload": "image"
    },
    "class_type": "LoadImage",
    "_meta": {
      "title": "input;Person's face;order=1;custom_id=person_face"
    }
  },
  "391": {
    "inputs": {
      "text": "",
      "display_name": "Prompt",
      "optional": true,
      "advanced": true,
      "order": 10,
      "custom_id": "prompt",
      "hidden": false,
      "translatable": true
    },
    "class_type": "VixUiPrompt",
    "_meta": {
      "title": "VixUI-Prompt"
    }
  },
  "393": {
    "inputs": {
      "text": [
        "395",
        0
      ],
      "find": "{gender}",
      "replace": [
        "396",
        0
      ]
    },
    "class_type": "Text Find and Replace",
    "_meta": {
      "title": "Text Find and Replace"
    }
  },
  "394": {
    "inputs": {
      "text": [
        "393",
        0
      ],
      "find": "{prompt}",
      "replace": [
        "391",
        0
      ]
    },
    "class_type": "Text Find and Replace",
    "_meta": {
      "title": "Text Find and Replace"
    }
  },
  "395": {
    "inputs": {
      "text": "anime, studio ghibli, ghibli style, {gender} {prompt}, split solid color background, portrait, close up, f1.2"
    },
    "class_type": "Text Multiline (Code Compatible)",
    "_meta": {
      "title": "Text Multiline (Code Compatible)"
    }
  },
  "396": {
    "inputs": {
      "default_value": "girl",
      "possible_values": "[\"girl\", \"boy\", \"man\", \"woman\"]",
      "display_name": "Base gender",
      "optional": false,
      "advanced": false,
      "order": 2,
      "custom_id": "gender",
      "hidden": false
    },
    "class_type": "VixUiList",
    "_meta": {
      "title": "VixUI-List"
    }
  }
}
