{
  "3": {
    "inputs": {
      "seed": 86,
      "steps": [
        "30",
        0
      ],
      "cfg": [
        "35",
        0
      ],
      "sampler_name": "euler",
      "scheduler": "simple",
      "denoise": 1,
      "model": [
        "13",
        0
      ],
      "positive": [
        "6",
        0
      ],
      "negative": [
        "7",
        0
      ],
      "latent_image": [
        "12",
        0
      ]
    },
    "class_type": "KSampler",
    "_meta": {
      "title": "KSampler"
    }
  },
  "6": {
    "inputs": {
      "text": [
        "31",
        0
      ],
      "clip": [
        "10",
        0
      ]
    },
    "class_type": "CLIPTextEncode",
    "_meta": {
      "title": "CLIP Text Encode (Prompt)"
    }
  },
  "7": {
    "inputs": {
      "text": [
        "32",
        0
      ],
      "clip": [
        "10",
        0
      ]
    },
    "class_type": "CLIPTextEncode",
    "_meta": {
      "title": "CLIP Text Encode (Prompt)"
    }
  },
  "8": {
    "inputs": {
      "samples": [
        "3",
        0
      ],
      "vae": [
        "15",
        0
      ]
    },
    "class_type": "VAEDecode",
    "_meta": {
      "title": "VAE Decode"
    }
  },
  "10": {
    "inputs": {
      "clip_name": "oldt5_xxl_fp8_e4m3fn_scaled.safetensors",
      "type": "cosmos",
      "device": "default"
    },
    "class_type": "CLIPLoader",
    "_meta": {
      "title": "Load CLIP"
    }
  },
  "12": {
    "inputs": {
      "width": [
        "34",
        1
      ],
      "height": [
        "34",
        2
      ],
      "batch_size": [
        "36",
        0
      ]
    },
    "class_type": "EmptySD3LatentImage",
    "_meta": {
      "title": "EmptySD3LatentImage"
    }
  },
  "13": {
    "inputs": {
      "unet_name": "cosmos_predict2_14B_t2i.safetensors",
      "weight_dtype": "default"
    },
    "class_type": "UNETLoader",
    "_meta": {
      "title": "Load Diffusion Model"
    }
  },
  "15": {
    "inputs": {
      "vae_name": "wan_2.1_vae.safetensors"
    },
    "class_type": "VAELoader",
    "_meta": {
      "title": "Load VAE"
    }
  },
  "27": {
    "inputs": {
      "filename_prefix": "ComfyUI",
      "images": [
        "8",
        0
      ]
    },
    "class_type": "SaveImage",
    "_meta": {
      "title": "Save Image"
    }
  },
  "28": {
    "inputs": {
      "name": "comsmos_predict2_t2i_14b",
      "display_name": "Cosmos Predict 2 (14B)",
      "description": "Family of highly performant models purpose-built for generating physics-aware images",
      "author": "ComfyOrg",
      "homepage": "https://comfyanonymous.github.io/ComfyUI_examples/cosmos_predict2/",
      "documentation": "https://huggingface.co/nvidia/Cosmos-Predict2-14B-Text2Image",
      "license": "",
      "tags": "[\"general\", \"simple\"]",
      "version": "1.0.0",
      "requires": "[]",
      "is_seed_supported": true,
      "is_count_supported": true,
      "is_translations_supported": true,
      "is_macos_supported": true,
      "required_memory_gb": 16,
      "hidden": false,
      "remote_vae": false
    },
    "class_type": "VixUiWorkflowMetadata",
    "_meta": {
      "title": "VixUI-WorkflowMetadata"
    }
  },
  "30": {
    "inputs": {
      "value": 30,
      "display_name": "Steps number to generate",
      "optional": true,
      "advanced": true,
      "min": 20,
      "max": 40,
      "step": 1,
      "order": 98,
      "custom_id": "steps_count",
      "hidden": false
    },
    "class_type": "VixUiRangeInt",
    "_meta": {
      "title": "VixUI-RangeInt"
    }
  },
  "31": {
    "inputs": {
      "text": "A realistic close-up of individual water droplets forming and sliding down the moss-covered edge of a waterfall, each droplet captured mid-fall with crystal clarity, tiny ripples and refractions of light within them, the blurred rushing water in the background creating soft bokeh, rich textures of wet stone and shimmering spray, with natural daylight glinting off the droplets and highlighting every detail.",
      "display_name": "Prompt",
      "optional": false,
      "advanced": false,
      "order": 1,
      "custom_id": "prompt",
      "hidden": false,
      "translatable": true
    },
    "class_type": "VixUiPrompt",
    "_meta": {
      "title": "VixUI-Prompt"
    }
  },
  "32": {
    "inputs": {
      "text": "",
      "display_name": "Negative Prompt",
      "optional": true,
      "advanced": true,
      "order": 25,
      "custom_id": "negative_prompt",
      "hidden": false,
      "translatable": true
    },
    "class_type": "VixUiPrompt",
    "_meta": {
      "title": "VixUI-Prompt"
    }
  },
  "34": {
    "inputs": {
      "aspect_ratio": "20:11 (1280x704)",
      "display_name": "Aspect Ratio",
      "optional": true,
      "advanced": true,
      "order": 21,
      "custom_id": "aspect_ratio",
      "hidden": false
    },
    "class_type": "VixUiAspectRatioSelector",
    "_meta": {
      "title": "Aspect Ratio (VixUI)"
    }
  },
  "35": {
    "inputs": {
      "value": 4.0,
      "display_name": "Prompt strength",
      "optional": true,
      "advanced": true,
      "min": 1.0,
      "max": 5.0,
      "step": 0.1,
      "order": 98,
      "custom_id": "prompt_strength",
      "hidden": false
    },
    "class_type": "VixUiRangeFloat",
    "_meta": {
      "title": "VixUI-RangeFloat"
    }
  },
  "36": {
    "inputs": {
      "value": 1,
      "display_name": "Batch size",
      "optional": true,
      "advanced": true,
      "min": 1,
      "max": 10,
      "step": 1,
      "order": 99,
      "custom_id": "batch_size",
      "hidden": true
    },
    "class_type": "VixUiRangeInt",
    "_meta": {
      "title": "VixUI-RangeInt"
    }
  }
}
