{
  "6": {
    "inputs": {
      "text": [
        "65",
        0
      ],
      "clip": [
        "59",
        1
      ]
    },
    "class_type": "CLIPTextEncode",
    "_meta": {
      "title": "CLIP Text Encode (Positive Prompt)"
    }
  },
  "8": {
    "inputs": {
      "samples": [
        "13",
        0
      ],
      "vae": [
        "10",
        0
      ]
    },
    "class_type": "VAEDecode",
    "_meta": {
      "title": "VAE Decode"
    }
  },
  "9": {
    "inputs": {
      "filename_prefix": "ComfyUI",
      "images": [
        "63",
        0
      ]
    },
    "class_type": "SaveImage",
    "_meta": {
      "title": "Save Image"
    }
  },
  "10": {
    "inputs": {
      "vae_name": "ae.safetensors"
    },
    "class_type": "VAELoader",
    "_meta": {
      "title": "Load VAE"
    }
  },
  "11": {
    "inputs": {
      "clip_name1": "t5xxl_fp16.safetensors",
      "clip_name2": "clip_l.safetensors",
      "type": "flux",
      "device": "default"
    },
    "class_type": "DualCLIPLoader",
    "_meta": {
      "title": "DualCLIPLoader"
    }
  },
  "12": {
    "inputs": {
      "unet_name": "flux1-kontext-dev.safetensors",
      "weight_dtype": [
        "60",
        0
      ]
    },
    "class_type": "UNETLoader",
    "_meta": {
      "title": "Load Diffusion Model"
    }
  },
  "13": {
    "inputs": {
      "noise": [
        "25",
        0
      ],
      "guider": [
        "22",
        0
      ],
      "sampler": [
        "16",
        0
      ],
      "sigmas": [
        "17",
        0
      ],
      "latent_image": [
        "27",
        0
      ]
    },
    "class_type": "SamplerCustomAdvanced",
    "_meta": {
      "title": "SamplerCustomAdvanced"
    }
  },
  "16": {
    "inputs": {
      "sampler_name": "euler"
    },
    "class_type": "KSamplerSelect",
    "_meta": {
      "title": "KSamplerSelect"
    }
  },
  "17": {
    "inputs": {
      "scheduler": "simple",
      "steps": [
        "62",
        0
      ],
      "denoise": 1,
      "model": [
        "30",
        0
      ]
    },
    "class_type": "BasicScheduler",
    "_meta": {
      "title": "BasicScheduler"
    }
  },
  "22": {
    "inputs": {
      "model": [
        "30",
        0
      ],
      "conditioning": [
        "42",
        0
      ]
    },
    "class_type": "BasicGuider",
    "_meta": {
      "title": "BasicGuider"
    }
  },
  "25": {
    "inputs": {
      "noise_seed": 112178000004933
    },
    "class_type": "RandomNoise",
    "_meta": {
      "title": "RandomNoise"
    }
  },
  "26": {
    "inputs": {
      "guidance": 2.5,
      "conditioning": [
        "6",
        0
      ]
    },
    "class_type": "FluxGuidance",
    "_meta": {
      "title": "FluxGuidance"
    }
  },
  "27": {
    "inputs": {
      "width": 1024,
      "height": 1024,
      "batch_size": [
        "61",
        0
      ]
    },
    "class_type": "EmptySD3LatentImage",
    "_meta": {
      "title": "EmptySD3LatentImage"
    }
  },
  "30": {
    "inputs": {
      "max_shift": 1.15,
      "base_shift": 0.5,
      "width": 1024,
      "height": 1024,
      "model": [
        "59",
        0
      ]
    },
    "class_type": "ModelSamplingFlux",
    "_meta": {
      "title": "ModelSamplingFlux"
    }
  },
  "39": {
    "inputs": {
      "pixels": [
        "40",
        0
      ],
      "vae": [
        "10",
        0
      ]
    },
    "class_type": "VAEEncode",
    "_meta": {
      "title": "VAE Encode"
    }
  },
  "40": {
    "inputs": {
      "image": [
        "41",
        0
      ]
    },
    "class_type": "FluxKontextImageScale",
    "_meta": {
      "title": "FluxKontextImageScale"
    }
  },
  "41": {
    "inputs": {
      "image": ""
    },
    "class_type": "LoadImage",
    "_meta": {
      "title": "input;Image to edit;order=1;custom_id=input_image"
    }
  },
  "42": {
    "inputs": {
      "conditioning": [
        "26",
        0
      ],
      "latent": [
        "39",
        0
      ]
    },
    "class_type": "ReferenceLatent",
    "_meta": {
      "title": "ReferenceLatent"
    }
  },
  "59": {
    "inputs": {
      "base_model_type": "Flux.1 Kontext",
      "description": "LoRAs to apply",
      "model": [
        "12",
        0
      ],
      "clip": [
        "11",
        0
      ]
    },
    "class_type": "VixDynamicLoraDefinition",
    "_meta": {
      "title": "VixUI-VixDynamicLoraDefinition"
    }
  },
  "60": {
    "inputs": {
      "default_value": "fp8_e4m3fn",
      "possible_values": "[\"default\", \"fp8_e4m3fn\", \"fp8_e4m3fn_fast\", \"fp8_e5m2\"]",
      "display_name": "Diffusion precision",
      "optional": true,
      "advanced": true,
      "order": 30,
      "custom_id": "diffusion_precision",
      "hidden": false
    },
    "class_type": "VixUiList",
    "_meta": {
      "title": "VixUI-List"
    }
  },
  "61": {
    "inputs": {
      "value": 2,
      "display_name": "Batch size",
      "optional": true,
      "advanced": true,
      "min": 1,
      "max": 10,
      "step": 1,
      "order": 99,
      "custom_id": "batch_size",
      "hidden": true
    },
    "class_type": "VixUiRangeInt",
    "_meta": {
      "title": "VixUI-RangeInt"
    }
  },
  "62": {
    "inputs": {
      "value": 25,
      "display_name": "Steps number to generate",
      "optional": true,
      "advanced": true,
      "min": 20,
      "max": 50,
      "step": 1,
      "order": 98,
      "custom_id": "steps_count",
      "hidden": false
    },
    "class_type": "VixUiRangeInt",
    "_meta": {
      "title": "VixUI-RangeInt"
    }
  },
  "63": {
    "inputs": {
      "state": false,
      "input_off_state": [
        "8",
        0
      ],
      "input_on_state": [
        "64",
        0
      ]
    },
    "class_type": "VixCheckboxLogic",
    "_meta": {
      "title": "remote_vae"
    }
  },
  "64": {
    "inputs": {
      "vae_type": "Flux",
      "samples": [
        "13",
        0
      ]
    },
    "class_type": "RemoteVAEDecode",
    "_meta": {
      "title": "VAE Decode (Remote)"
    }
  },
  "65": {
    "inputs": {
      "text": "Change the clothes to be a viking warrior while preserving facial features",
      "display_name": "Prompt",
      "optional": false,
      "advanced": false,
      "order": 1,
      "custom_id": "prompt",
      "hidden": false,
      "translatable": true
    },
    "class_type": "VixUiPrompt",
    "_meta": {
      "title": "VixUI-Prompt"
    }
  },
  "66": {
    "inputs": {
      "name": "flux1_kontext",
      "display_name": "Flux Kontext",
      "description": "Edit images based on text instructions",
      "author": "ComfyOrg",
      "homepage": "https://huggingface.co/black-forest-labs/FLUX.1-Kontext-dev",
      "documentation": "https://docs.comfy.org/tutorials/flux/flux-1-kontext-dev",
      "license": "",
      "tags": "[\"general\", \"edit\", \"loras\"]",
      "version": "1.0.0",
      "requires": "[]",
      "is_seed_supported": true,
      "is_count_supported": true,
      "is_translations_supported": true,
      "is_macos_supported": true,
      "required_memory_gb": 12,
      "hidden": false,
      "remote_vae": true
    },
    "class_type": "VixUiWorkflowMetadata",
    "_meta": {
      "title": "VixUI-WorkflowMetadata"
    }
  }
}
