{
  "3": {
    "inputs": {
      "seed": 1,
      "steps": 20,
      "cfg": 7.5,
      "sampler_name": "euler",
      "scheduler": "normal",
      "denoise": 1,
      "model": [
        "70",
        0
      ],
      "positive": [
        "65",
        0
      ],
      "negative": [
        "65",
        1
      ],
      "latent_image": [
        "66",
        0
      ]
    },
    "class_type": "KSampler",
    "_meta": {
      "title": "KSampler"
    }
  },
  "51": {
    "inputs": {
      "crop": "none",
      "clip_vision": [
        "54",
        1
      ],
      "image": [
        "90",
        0
      ]
    },
    "class_type": "CLIPVisionEncode",
    "_meta": {
      "title": "CLIP Vision Encode"
    }
  },
  "54": {
    "inputs": {
      "ckpt_name": "hunyuan3d-dit-v2-mv.safetensors"
    },
    "class_type": "ImageOnlyCheckpointLoader",
    "_meta": {
      "title": "Image Only Checkpoint Loader (img2vid model)"
    }
  },
  "61": {
    "inputs": {
      "num_chunks": 8000,
      "octree_resolution": 256,
      "samples": [
        "3",
        0
      ],
      "vae": [
        "54",
        2
      ]
    },
    "class_type": "VAEDecodeHunyuan3D",
    "_meta": {
      "title": "VAEDecodeHunyuan3D"
    }
  },
  "62": {
    "inputs": {
      "threshold": 0.6000000000000001,
      "voxel": [
        "61",
        0
      ]
    },
    "class_type": "VoxelToMeshBasic",
    "_meta": {
      "title": "VoxelToMeshBasic"
    }
  },
  "65": {
    "inputs": {
      "front": [
        "51",
        0
      ],
      "left": [
        "79",
        0
      ],
      "back": [
        "83",
        0
      ],
      "right": [
        "81",
        0
      ]
    },
    "class_type": "Hunyuan3Dv2ConditioningMultiView",
    "_meta": {
      "title": "Hunyuan3Dv2ConditioningMultiView"
    }
  },
  "66": {
    "inputs": {
      "resolution": 3072,
      "batch_size": 1
    },
    "class_type": "EmptyLatentHunyuan3Dv2",
    "_meta": {
      "title": "EmptyLatentHunyuan3Dv2"
    }
  },
  "67": {
    "inputs": {
      "filename_prefix": "mesh/ComfyUI",
      "image": "mesh/ComfyUI_00023_.glb",
      "mesh": [
        "62",
        0
      ]
    },
    "class_type": "SaveGLB",
    "_meta": {
      "title": "SaveGLB"
    }
  },
  "70": {
    "inputs": {
      "shift": 1.0000000000000002,
      "model": [
        "54",
        0
      ]
    },
    "class_type": "ModelSamplingAuraFlow",
    "_meta": {
      "title": "ModelSamplingAuraFlow"
    }
  },
  "79": {
    "inputs": {
      "crop": "none",
      "clip_vision": [
        "54",
        1
      ],
      "image": [
        "91",
        0
      ]
    },
    "class_type": "CLIPVisionEncode",
    "_meta": {
      "title": "CLIP Vision Encode"
    }
  },
  "81": {
    "inputs": {
      "crop": "none",
      "clip_vision": [
        "54",
        1
      ],
      "image": [
        "92",
        0
      ]
    },
    "class_type": "CLIPVisionEncode",
    "_meta": {
      "title": "CLIP Vision Encode"
    }
  },
  "83": {
    "inputs": {
      "crop": "none",
      "clip_vision": [
        "54",
        1
      ],
      "image": [
        "93",
        0
      ]
    },
    "class_type": "CLIPVisionEncode",
    "_meta": {
      "title": "CLIP Vision Encode"
    }
  },
  "89": {
    "inputs": {
      "name": "hunyuan_3d",
      "display_name": "Hunyuan3D",
      "description": "3D objects from 2D",
      "author": "ComfyOrg",
      "homepage": "https://docs.comfy.org/tutorials/3d/hunyuan3D-2",
      "documentation": "",
      "license": "",
      "tags": "[\"3D\"]",
      "version": "1.0.0",
      "requires": "[]",
      "is_seed_supported": true,
      "is_count_supported": true,
      "is_translations_supported": false,
      "is_macos_supported": true,
      "required_memory_gb": 7,
      "hidden": false,
      "remote_vae": false
    },
    "class_type": "VixUiWorkflowMetadata",
    "_meta": {
      "title": "VixUI-WorkflowMetadata"
    }
  },
  "90": {
    "inputs": {
      "image": ""
    },
    "class_type": "LoadImage",
    "_meta": {
      "title": "input;Front;order=1;custom_id=front_img"
    }
  },
  "91": {
    "inputs": {
      "image": ""
    },
    "class_type": "LoadImage",
    "_meta": {
      "title": "input;Left;optional;order=2;custom_id=left_img"
    }
  },
  "92": {
    "inputs": {
      "image": ""
    },
    "class_type": "LoadImage",
    "_meta": {
      "title": "input;Right;optional;order=3;custom_id=right_img"
    }
  },
  "93": {
    "inputs": {
      "image": ""
    },
    "class_type": "LoadImage",
    "_meta": {
      "title": "input;Back;optional;order=4;custom_id=back_img"
    }
  }
}
