{
  "14": {
    "inputs": {
      "ckpt_name": "neta_art_xl_v10.safetensors"
    },
    "class_type": "CheckpointLoaderSimple",
    "_meta": {
      "title": "Load Checkpoint Base"
    }
  },
  "290": {
    "inputs": {
      "text": [
        "406",
        0
      ],
      "clip": [
        "14",
        1
      ]
    },
    "class_type": "CLIPTextEncode",
    "_meta": {
      "title": "CLIP Text Encode (Positive Prompt)"
    }
  },
  "291": {
    "inputs": {
      "text": "nsfw, lowres, bad anatomy, bad hands, text, error, missing fingers, extra digit, fewer digits, cropped, worst quality, low quality, normal quality, jpeg artifacts, signature, watermark, username, blurry, artist name, rating: sensitive, low contrast, signature, flexible deformity, abstract, low contrast, colors",
      "clip": [
        "14",
        1
      ]
    },
    "class_type": "CLIPTextEncode",
    "_meta": {
      "title": "CLIP Text Encode (Negative Prompt)"
    }
  },
  "336": {
    "inputs": {
      "weight": 0.7000000000000001,
      "start_at": 0,
      "end_at": 0.85,
      "instantid": [
        "337",
        0
      ],
      "insightface": [
        "338",
        0
      ],
      "control_net": [
        "339",
        0
      ],
      "image": [
        "383",
        0
      ],
      "model": [
        "14",
        0
      ],
      "positive": [
        "290",
        0
      ],
      "negative": [
        "291",
        0
      ],
      "image_kps": [
        "396",
        0
      ]
    },
    "class_type": "ApplyInstantID",
    "_meta": {
      "title": "Apply InstantID"
    }
  },
  "337": {
    "inputs": {
      "instantid_file": "instantid-ip-adapter.bin"
    },
    "class_type": "InstantIDModelLoader",
    "_meta": {
      "title": "Load InstantID Model"
    }
  },
  "338": {
    "inputs": {
      "provider": "CPU"
    },
    "class_type": "InstantIDFaceAnalysis",
    "_meta": {
      "title": "InstantID Face Analysis"
    }
  },
  "339": {
    "inputs": {
      "control_net_name": "instantid-controlnet.safetensors"
    },
    "class_type": "ControlNetLoader",
    "_meta": {
      "title": "Load ControlNet Model"
    }
  },
  "345": {
    "inputs": {
      "width": 896,
      "height": 1152,
      "batch_size": 1
    },
    "class_type": "EmptyLatentImage",
    "_meta": {
      "title": "Empty Latent Image"
    }
  },
  "359": {
    "inputs": {
      "filename_prefix": "Comic Portrait/img_",
      "images": [
        "385",
        0
      ]
    },
    "class_type": "SaveImage",
    "_meta": {
      "title": "@Datou https://twitter.com/Datou"
    }
  },
  "383": {
    "inputs": {
      "upscale_method": "lanczos",
      "megapixels": 1,
      "image": [
        "394",
        0
      ]
    },
    "class_type": "ImageScaleToTotalPixels",
    "_meta": {
      "title": "ImageScaleToTotalPixels"
    }
  },
  "385": {
    "inputs": {
      "samples": [
        "390",
        0
      ],
      "vae": [
        "386",
        0
      ]
    },
    "class_type": "VAEDecode",
    "_meta": {
      "title": "VAE Decode"
    }
  },
  "386": {
    "inputs": {
      "vae_name": "sdxl_vae.safetensors"
    },
    "class_type": "VAELoader",
    "_meta": {
      "title": "Load VAE"
    }
  },
  "389": {
    "inputs": {
      "model_type": "SDXL",
      "steps": 10,
      "denoise": 1
    },
    "class_type": "AlignYourStepsScheduler",
    "_meta": {
      "title": "AlignYourStepsScheduler"
    }
  },
  "390": {
    "inputs": {
      "add_noise": true,
      "noise_seed": 288636115122282,
      "cfg": [
        "404",
        0
      ],
      "model": [
        "402",
        0
      ],
      "positive": [
        "336",
        1
      ],
      "negative": [
        "336",
        2
      ],
      "sampler": [
        "391",
        0
      ],
      "sigmas": [
        "389",
        0
      ],
      "latent_image": [
        "345",
        0
      ]
    },
    "class_type": "SamplerCustom",
    "_meta": {
      "title": "SamplerCustom"
    }
  },
  "391": {
    "inputs": {
      "sampler_name": "dpmpp_2m"
    },
    "class_type": "KSamplerSelect",
    "_meta": {
      "title": "KSamplerSelect"
    }
  },
  "392": {
    "inputs": {
      "name": "sketch_portrait",
      "display_name": "Sketch Portrait",
      "description": "Person portrait in Sketch style",
      "author": "Datou",
      "homepage": "https://openart.ai/workflows/datou/comic-portrait/nkAs1NYgf91uMeV14PP0",
      "documentation": "https://visionatrix.github.io/VixFlowsDocs/Flows/SketchPortrait/",
      "license": "",
      "tags": "[\"anime\", \"sketch\", \"portrait\"]",
      "version": "2.1.1",
      "requires": "[]",
      "is_seed_supported": true,
      "is_count_supported": true,
      "is_translations_supported": true,
      "is_macos_supported": true,
      "required_memory_gb": 6,
      "hidden": false,
      "remote_vae": false
    },
    "class_type": "VixUiWorkflowMetadata",
    "_meta": {
      "title": "VixUI-WorkflowMetadata"
    }
  },
  "394": {
    "inputs": {
      "image": ""
    },
    "class_type": "LoadImage",
    "_meta": {
      "title": "input;Person's face;order=1;custom_id=person_face"
    }
  },
  "396": {
    "inputs": {
      "image": ""
    },
    "class_type": "LoadImage",
    "_meta": {
      "title": "input;Person's face pose; optional;advanced;order=2;custom_id=person_pose"
    }
  },
  "397": {
    "inputs": {
      "default_value": "girl",
      "possible_values": "[\"girl\", \"boy\", \"man\", \"woman\"]",
      "display_name": "Base gender",
      "optional": false,
      "advanced": false,
      "order": 2,
      "custom_id": "",
      "hidden": false
    },
    "class_type": "VixUiList",
    "_meta": {
      "title": "VixUI-List"
    }
  },
  "400": {
    "inputs": {
      "text": "",
      "display_name": "Prompt",
      "optional": true,
      "advanced": true,
      "order": 10,
      "custom_id": "prompt",
      "hidden": false,
      "translatable": true
    },
    "class_type": "VixUiPrompt",
    "_meta": {
      "title": "VixUI-Prompt"
    }
  },
  "402": {
    "inputs": {
      "Skimming_CFG": [
        "404",
        0
      ],
      "full_skim_negative": false,
      "disable_flipping_filter": false,
      "model": [
        "336",
        0
      ]
    },
    "class_type": "Skimmed CFG",
    "_meta": {
      "title": "Skimmed CFG"
    }
  },
  "404": {
    "inputs": {
      "value": 5,
      "display_name": "Prompt strength",
      "optional": true,
      "advanced": true,
      "min": 3,
      "max": 10,
      "step": 0.1,
      "order": 90,
      "custom_id": "prompt_strength",
      "hidden": false
    },
    "class_type": "VixUiRangeFloat",
    "_meta": {
      "title": "VixUI-RangeFloat"
    }
  },
  "405": {
    "inputs": {
      "text": "[1{gender}] {prompt}, line-sketch, ((looking at viewer, clear background, white background)), best quality"
    },
    "class_type": "VixMultilineText",
    "_meta": {
      "title": "Text Multiline"
    }
  },
  "406": {
    "inputs": {
      "text": [
        "407",
        0
      ],
      "find": "{prompt}",
      "replace": [
        "400",
        0
      ]
    },
    "class_type": "VixTextReplace",
    "_meta": {
      "title": "Text Replace"
    }
  },
  "407": {
    "inputs": {
      "text": [
        "405",
        0
      ],
      "find": "{gender}",
      "replace": [
        "397",
        0
      ]
    },
    "class_type": "VixTextReplace",
    "_meta": {
      "title": "Text Replace"
    }
  }
}
