{
  "2": {
    "inputs": {
      "ckpt_name": "hunyuan_dit_1.2.safetensors"
    },
    "class_type": "CheckpointLoaderSimple",
    "_meta": {
      "title": "Load Checkpoint"
    }
  },
  "116": {
    "inputs": {
      "samples": [
        "298",
        0
      ],
      "vae": [
        "2",
        2
      ]
    },
    "class_type": "VAEDecode",
    "_meta": {
      "title": "VAE Decode"
    }
  },
  "244": {
    "inputs": {
      "width": [
        "315",
        1
      ],
      "height": [
        "315",
        2
      ],
      "batch_size": [
        "309",
        0
      ]
    },
    "class_type": "EmptyLatentImage",
    "_meta": {
      "title": "Empty Latent Image"
    }
  },
  "267": {
    "inputs": {
      "filename_prefix": "base",
      "images": [
        "116",
        0
      ]
    },
    "class_type": "SaveImage",
    "_meta": {
      "title": "Save Image"
    }
  },
  "291": {
    "inputs": {
      "name": "hunyuan_dit",
      "display_name": "HunyuanDiT",
      "description": "Model with Chinese Understanding ",
      "author": "bigcat88",
      "homepage": "https://huggingface.co/Tencent-Hunyuan/HunyuanDiT",
      "documentation": "https://visionatrix.github.io/VixFlowsDocs/Flows/HunyuanDiT/",
      "license": "",
      "tags": "[\"general\", \"simple\", \"loras\"]",
      "version": "1.1.1",
      "requires": "[]",
      "is_seed_supported": true,
      "is_count_supported": true,
      "is_translations_supported": true,
      "is_macos_supported": true,
      "required_memory_gb": 6,
      "hidden": false
    },
    "class_type": "VixUiWorkflowMetadata",
    "_meta": {
      "title": "VixUI-WorkflowMetadata"
    }
  },
  "292": {
    "inputs": {
      "text": "",
      "display_name": "Prompt",
      "optional": false,
      "advanced": false,
      "order": 1,
      "custom_id": "prompt",
      "hidden": false,
      "translatable": true
    },
    "class_type": "VixUiPrompt",
    "_meta": {
      "title": "VixUI-Prompt"
    }
  },
  "293": {
    "inputs": {
      "text": "",
      "display_name": "Negative Prompt",
      "optional": true,
      "advanced": true,
      "order": 15,
      "custom_id": "negative_prompt",
      "hidden": false,
      "translatable": true
    },
    "class_type": "VixUiPrompt",
    "_meta": {
      "title": "VixUI-Prompt"
    }
  },
  "294": {
    "inputs": {
      "text": [
        "293",
        0
      ],
      "clip": [
        "314",
        1
      ]
    },
    "class_type": "CLIPTextEncode",
    "_meta": {
      "title": "CLIP Text Encode (Negative Prompt)"
    }
  },
  "295": {
    "inputs": {
      "text": [
        "292",
        0
      ],
      "clip": [
        "314",
        1
      ]
    },
    "class_type": "CLIPTextEncode",
    "_meta": {
      "title": "CLIP Text Encode (Positive Prompt)"
    }
  },
  "298": {
    "inputs": {
      "seed": 1,
      "steps": [
        "300",
        0
      ],
      "cfg": [
        "308",
        0
      ],
      "sampler_name": "euler",
      "scheduler": "sgm_uniform",
      "denoise": 1,
      "model": [
        "314",
        0
      ],
      "positive": [
        "295",
        0
      ],
      "negative": [
        "294",
        0
      ],
      "latent_image": [
        "244",
        0
      ]
    },
    "class_type": "KSampler",
    "_meta": {
      "title": "KSampler"
    }
  },
  "300": {
    "inputs": {
      "value": 30,
      "display_name": "Steps number to generate",
      "optional": true,
      "advanced": true,
      "min": 20,
      "max": 60,
      "step": 1,
      "order": 91,
      "custom_id": "steps_count",
      "hidden": false
    },
    "class_type": "VixUiRangeInt",
    "_meta": {
      "title": "VixUI-RangeInt"
    }
  },
  "308": {
    "inputs": {
      "value": 6,
      "display_name": "Vibrancy",
      "optional": true,
      "advanced": true,
      "min": 2,
      "max": 15,
      "step": 0.1,
      "order": 90,
      "custom_id": "vibrancy",
      "hidden": false
    },
    "class_type": "VixUiRangeFloat",
    "_meta": {
      "title": "VixUI-RangeFloat"
    }
  },
  "309": {
    "inputs": {
      "value": 1,
      "display_name": "Batch size",
      "optional": true,
      "advanced": true,
      "min": 1,
      "max": 10,
      "step": 1,
      "order": 99,
      "custom_id": "batch_size",
      "hidden": true
    },
    "class_type": "VixUiRangeInt",
    "_meta": {
      "title": "VixUI-RangeInt"
    }
  },
  "314": {
    "inputs": {
      "base_model_type": "Hunyuan 1",
      "description": "LoRAs to apply",
      "model": [
        "2",
        0
      ],
      "clip": [
        "2",
        1
      ]
    },
    "class_type": "VixDynamicLoraDefinition",
    "_meta": {
      "title": "VixUI-VixDynamicLoraDefinition"
    }
  },
  "315": {
    "inputs": {
      "aspect_ratio": "1:1 (1024x1024)",
      "display_name": "Aspect Ratio",
      "optional": true,
      "advanced": true,
      "order": 2,
      "custom_id": "aspect_ratio",
      "hidden": false
    },
    "class_type": "VixUiAspectRatioSelector",
    "_meta": {
      "title": "VixUI-Aspect Ratio"
    }
  }
}
