{
  "29": {
    "inputs": {
      "ckpt_name": "CinematicRedmond.safetensors",
      "vae_name": "Baked VAE",
      "clip_skip": -1,
      "lora_name": "None",
      "lora_model_strength": 1,
      "lora_clip_strength": 1,
      "positive": [
        "47",
        0
      ],
      "negative": "see panties, 3d, EasyNegativeV2, worst quality, low quality, watermark, signature, bad anatomy, bad hands, deformed limbs, blurry, cropped, cross-eyed, extra arms, speech bubble, extra legs, extra limbs, bad proportions, poorly drawn hands, text, flat background, photo,\n",
      "token_normalization": "none",
      "weight_interpretation": "comfy",
      "empty_latent_width": 832,
      "empty_latent_height": 1216,
      "batch_size": 1
    },
    "class_type": "Efficient Loader",
    "_meta": {
      "title": "Efficient Loader"
    }
  },
  "30": {
    "inputs": {
      "seed": 234708377114033,
      "steps": 28,
      "cfg": 3,
      "sampler_name": "dpmpp_sde",
      "scheduler": "karras",
      "denoise": 0.8,
      "preview_method": "auto",
      "vae_decode": "true",
      "model": [
        "33",
        0
      ],
      "positive": [
        "33",
        1
      ],
      "negative": [
        "33",
        2
      ],
      "latent_image": [
        "29",
        3
      ],
      "optional_vae": [
        "29",
        4
      ]
    },
    "class_type": "KSampler (Efficient)",
    "_meta": {
      "title": "KSampler (Efficient)"
    }
  },
  "31": {
    "inputs": {
      "filename_prefix": "ComfyUI",
      "images": [
        "30",
        5
      ]
    },
    "class_type": "SaveImage",
    "_meta": {
      "title": "Save Image"
    }
  },
  "33": {
    "inputs": {
      "weight": 0.7000000000000001,
      "start_at": 0,
      "end_at": 1,
      "instantid": [
        "34",
        0
      ],
      "insightface": [
        "35",
        0
      ],
      "control_net": [
        "36",
        0
      ],
      "image": [
        "37",
        0
      ],
      "model": [
        "29",
        0
      ],
      "positive": [
        "29",
        1
      ],
      "negative": [
        "29",
        2
      ],
      "image_kps": [
        "44",
        0
      ]
    },
    "class_type": "ApplyInstantID",
    "_meta": {
      "title": "Apply InstantID"
    }
  },
  "34": {
    "inputs": {
      "instantid_file": "instantid-ip-adapter.bin"
    },
    "class_type": "InstantIDModelLoader",
    "_meta": {
      "title": "Load InstantID Model"
    }
  },
  "35": {
    "inputs": {
      "provider": "CPU"
    },
    "class_type": "InstantIDFaceAnalysis",
    "_meta": {
      "title": "InstantID Face Analysis"
    }
  },
  "36": {
    "inputs": {
      "control_net_name": "instantid-controlnet.safetensors"
    },
    "class_type": "ControlNetLoader",
    "_meta": {
      "title": "Load ControlNet Model"
    }
  },
  "37": {
    "inputs": {
      "image": "",
      "upload": "image"
    },
    "class_type": "LoadImage",
    "_meta": {
      "title": "input;Person's face;order=1;custom_id=person_face"
    }
  },
  "44": {
    "inputs": {
      "image": "",
      "upload": "image"
    },
    "class_type": "LoadImage",
    "_meta": {
      "title": "input;Person's face pose; optional;advanced;order=2;custom_id=person_pose"
    }
  },
  "46": {
    "inputs": {
      "name": "vintage_portrait",
      "display_name": "Vintage Portrait",
      "description": "Portrait photos in Vintage styles",
      "author": "bigcat88",
      "homepage": "https://github.com/bigcat88",
      "documentation": "https://visionatrix.github.io/VixFlowsDocs/Flows/VintagePortrait/",
      "license": "",
      "tags": "[\"portrait\"]",
      "version": "1.0.3",
      "requires": "[]",
      "is_seed_supported": true,
      "is_count_supported": true,
      "is_translations_supported": true,
      "is_macos_supported": true,
      "required_memory_gb": 6
    },
    "class_type": "VixUiWorkflowMetadata",
    "_meta": {
      "title": "VixUI-WorkflowMetadata"
    }
  },
  "47": {
    "inputs": {
      "text": "portrait of a girl, cinematic,  masterpiece",
      "display_name": "Prompt",
      "optional": false,
      "advanced": false,
      "order": 2,
      "custom_id": "prompt",
      "hidden": false,
      "translatable": true
    },
    "class_type": "VixUiPrompt",
    "_meta": {
      "title": "VixUI-Prompt"
    }
  }
}
