{
  "138": {
    "inputs": {
      "filename_prefix": "ComfyUI",
      "images": [
        "257",
        0
      ]
    },
    "class_type": "SaveImage",
    "_meta": {
      "title": "Save Image"
    }
  },
  "226": {
    "inputs": {
      "ckpt_name": "playground-v2.5-1024px-aesthetic.fp16.safetensors"
    },
    "class_type": "CheckpointLoaderSimple",
    "_meta": {
      "title": "Load Checkpoint"
    }
  },
  "229": {
    "inputs": {
      "text": [
        "251",
        0
      ],
      "clip": [
        "226",
        1
      ]
    },
    "class_type": "CLIPTextEncode",
    "_meta": {
      "title": "CLIP Text Encode (Prompt)"
    }
  },
  "230": {
    "inputs": {
      "text": [
        "254",
        0
      ],
      "clip": [
        "226",
        1
      ]
    },
    "class_type": "CLIPTextEncode",
    "_meta": {
      "title": "CLIP Text Encode (Prompt)"
    }
  },
  "232": {
    "inputs": {
      "sampling": "edm_playground_v2.5",
      "sigma_max": 120,
      "sigma_min": 0.002,
      "model": [
        "226",
        0
      ]
    },
    "class_type": "ModelSamplingContinuousEDM",
    "_meta": {
      "title": "ModelSamplingContinuousEDM"
    }
  },
  "238": {
    "inputs": {
      "seed": 5,
      "steps": 50,
      "cfg": [
        "256",
        0
      ],
      "sampler_name": "euler",
      "scheduler": "normal",
      "denoise": 1,
      "model": [
        "232",
        0
      ],
      "positive": [
        "229",
        0
      ],
      "negative": [
        "230",
        0
      ],
      "latent_image": [
        "246",
        0
      ]
    },
    "class_type": "KSampler",
    "_meta": {
      "title": "KSampler"
    }
  },
  "240": {
    "inputs": {
      "samples": [
        "238",
        0
      ],
      "vae": [
        "226",
        2
      ]
    },
    "class_type": "VAEDecode",
    "_meta": {
      "title": "VAE Decode"
    }
  },
  "246": {
    "inputs": {
      "width": [
        "281",
        1
      ],
      "height": [
        "281",
        2
      ],
      "batch_size": [
        "283",
        0
      ]
    },
    "class_type": "EmptyLatentImage",
    "_meta": {
      "title": "Empty Latent Image"
    }
  },
  "247": {
    "inputs": {
      "model_type": "SDXL",
      "steps": 20,
      "denoise": 1
    },
    "class_type": "AlignYourStepsScheduler",
    "_meta": {
      "title": "AlignYourStepsScheduler"
    }
  },
  "248": {
    "inputs": {
      "sampler_name": "dpmpp_2m"
    },
    "class_type": "KSamplerSelect",
    "_meta": {
      "title": "KSamplerSelect"
    }
  },
  "249": {
    "inputs": {
      "add_noise": true,
      "noise_seed": 5,
      "cfg": [
        "256",
        0
      ],
      "model": [
        "232",
        0
      ],
      "positive": [
        "229",
        0
      ],
      "negative": [
        "230",
        0
      ],
      "sampler": [
        "248",
        0
      ],
      "sigmas": [
        "247",
        0
      ],
      "latent_image": [
        "246",
        0
      ]
    },
    "class_type": "SamplerCustom",
    "_meta": {
      "title": "SamplerCustom"
    }
  },
  "250": {
    "inputs": {
      "name": "playground_2_5_aesthetic",
      "display_name": "Aesthetic images",
      "description": "Generate images using Playground2.5 model",
      "author": "bigcat88",
      "homepage": "https://github.com/bigcat88",
      "documentation": "https://visionatrix.github.io/VixFlowsDocs/Flows/Playground_2_5_aesthetic/",
      "license": "",
      "tags": "[\"general\", \"simple\"]",
      "version": "1.1.1",
      "requires": "[]",
      "is_seed_supported": true,
      "is_count_supported": true,
      "is_translations_supported": true
    },
    "class_type": "VixUiWorkflowMetadata",
    "_meta": {
      "title": "VixUI-WorkflowMetadata"
    }
  },
  "251": {
    "inputs": {
      "text": "",
      "display_name": "Prompt",
      "optional": false,
      "advanced": false,
      "order": 1,
      "custom_id": "prompt",
      "hidden": false,
      "translatable": true
    },
    "class_type": "VixUiPrompt",
    "_meta": {
      "title": "VixUI-Prompt"
    }
  },
  "254": {
    "inputs": {
      "text": "",
      "display_name": "Negative Prompt",
      "optional": true,
      "advanced": true,
      "order": 15,
      "custom_id": "negative_prompt",
      "hidden": false,
      "translatable": true
    },
    "class_type": "VixUiPrompt",
    "_meta": {
      "title": "VixUI-Prompt"
    }
  },
  "256": {
    "inputs": {
      "value": 3,
      "display_name": "Prompt strength",
      "optional": true,
      "advanced": true,
      "min": 3,
      "max": 5,
      "step": 0.1,
      "order": 98,
      "custom_id": "prompt_strength",
      "hidden": false
    },
    "class_type": "VixUiRangeFloat",
    "_meta": {
      "title": "VixUI-RangeFloat"
    }
  },
  "257": {
    "inputs": {
      "state": false,
      "display_name": "Fast run",
      "optional": true,
      "advanced": true,
      "order": 98,
      "custom_id": "fast_run",
      "hidden": false,
      "input_off_state": [
        "240",
        0
      ],
      "input_on_state": [
        "282",
        0
      ]
    },
    "class_type": "VixUiCheckboxLogic",
    "_meta": {
      "title": "VixUI-CheckboxLogic"
    }
  },
  "281": {
    "inputs": {
      "aspect_ratio": "3:2"
    },
    "class_type": "SDXLAspectRatioSelector",
    "_meta": {
      "title": "input;Aspect Ratio;optional;advanced;order=20;custom_id=aspect_ratio"
    }
  },
  "282": {
    "inputs": {
      "samples": [
        "249",
        0
      ],
      "vae": [
        "226",
        2
      ]
    },
    "class_type": "VAEDecode",
    "_meta": {
      "title": "VAE Decode"
    }
  },
  "283": {
    "inputs": {
      "value": 1,
      "display_name": "Batch size",
      "optional": true,
      "advanced": true,
      "min": 1,
      "max": 10,
      "step": 1,
      "order": 99,
      "custom_id": "batch_size",
      "hidden": true
    },
    "class_type": "VixUiRangeInt",
    "_meta": {
      "title": "VixUI-RangeInt"
    }
  }
}
