{
  "3": {
    "inputs": {
      "seed": 776388286186862,
      "steps": 8,
      "cfg": 1,
      "sampler_name": "euler",
      "scheduler": "sgm_uniform",
      "denoise": 1,
      "model": [
        "4",
        0
      ],
      "positive": [
        "6",
        0
      ],
      "negative": [
        "7",
        0
      ],
      "latent_image": [
        "5",
        0
      ]
    },
    "class_type": "KSampler",
    "_meta": {
      "title": "KSampler"
    }
  },
  "4": {
    "inputs": {
      "ckpt_name": "sdxl_lightning_8step.safetensors"
    },
    "class_type": "CheckpointLoaderSimple",
    "_meta": {
      "title": "Load Checkpoint"
    }
  },
  "5": {
    "inputs": {
      "width": 1024,
      "height": 1024,
      "batch_size": [
        "25",
        0
      ]
    },
    "class_type": "EmptyLatentImage",
    "_meta": {
      "title": "Empty Latent Image"
    }
  },
  "6": {
    "inputs": {
      "text": [
        "16",
        0
      ],
      "clip": [
        "4",
        1
      ]
    },
    "class_type": "CLIPTextEncode",
    "_meta": {
      "title": "CLIP Text Encode (Prompt)"
    }
  },
  "7": {
    "inputs": {
      "text": [
        "18",
        0
      ],
      "clip": [
        "4",
        1
      ]
    },
    "class_type": "CLIPTextEncode",
    "_meta": {
      "title": "CLIP Text Encode (Negative Prompt)"
    }
  },
  "8": {
    "inputs": {
      "samples": [
        "3",
        0
      ],
      "vae": [
        "4",
        2
      ]
    },
    "class_type": "VAEDecode",
    "_meta": {
      "title": "VAE Decode"
    }
  },
  "9": {
    "inputs": {
      "filename_prefix": "ComfyUI",
      "images": [
        "24",
        0
      ]
    },
    "class_type": "SaveImage",
    "_meta": {
      "title": "Save Image"
    }
  },
  "10": {
    "inputs": {
      "seed": 776388286186862,
      "steps": 4,
      "cfg": 1,
      "sampler_name": "euler",
      "scheduler": "sgm_uniform",
      "denoise": 1,
      "model": [
        "11",
        0
      ],
      "positive": [
        "13",
        0
      ],
      "negative": [
        "14",
        0
      ],
      "latent_image": [
        "5",
        0
      ]
    },
    "class_type": "KSampler",
    "_meta": {
      "title": "KSampler"
    }
  },
  "11": {
    "inputs": {
      "ckpt_name": "sdxl_lightning_4step.safetensors"
    },
    "class_type": "CheckpointLoaderSimple",
    "_meta": {
      "title": "Load Checkpoint"
    }
  },
  "12": {
    "inputs": {
      "samples": [
        "10",
        0
      ],
      "vae": [
        "11",
        2
      ]
    },
    "class_type": "VAEDecode",
    "_meta": {
      "title": "VAE Decode"
    }
  },
  "13": {
    "inputs": {
      "text": [
        "16",
        0
      ],
      "clip": [
        "11",
        1
      ]
    },
    "class_type": "CLIPTextEncode",
    "_meta": {
      "title": "CLIP Text Encode (Prompt)"
    }
  },
  "14": {
    "inputs": {
      "text": [
        "18",
        0
      ],
      "clip": [
        "11",
        1
      ]
    },
    "class_type": "CLIPTextEncode",
    "_meta": {
      "title": "CLIP Text Encode (Negative Prompt)"
    }
  },
  "16": {
    "inputs": {
      "text": "",
      "display_name": "Prompt",
      "optional": false,
      "advanced": false,
      "order": 1,
      "custom_id": "prompt",
      "hidden": false,
      "translatable": true
    },
    "class_type": "VixUiPrompt",
    "_meta": {
      "title": "VixUI-Prompt"
    }
  },
  "18": {
    "inputs": {
      "text": "ugly",
      "display_name": "Negative Prompt",
      "optional": true,
      "advanced": true,
      "order": 25,
      "custom_id": "negative_prompt",
      "hidden": false,
      "translatable": true
    },
    "class_type": "VixUiPrompt",
    "_meta": {
      "title": "VixUI-Prompt"
    }
  },
  "19": {
    "inputs": {
      "name": "sdxl_lighting",
      "display_name": "SDXL Lighting",
      "description": "Fast image generation",
      "author": "bigcat88",
      "homepage": "https://github.com/bigcat88",
      "documentation": "https://visionatrix.github.io/VixFlowsDocs/Flows/SDXL_Lighting/",
      "license": "",
      "tags": "[\"general\", \"lighting\", \"simple\"]",
      "version": "1.0.1",
      "requires": "[]",
      "is_seed_supported": true,
      "is_count_supported": true,
      "is_translations_supported": true
    },
    "class_type": "VixUiWorkflowMetadata",
    "_meta": {
      "title": "VixUI-WorkflowMetadata"
    }
  },
  "24": {
    "inputs": {
      "default_value": "8 steps",
      "possible_values": "[\"4 steps\", \"8 steps\"]",
      "display_name": "Number of steps",
      "optional": true,
      "advanced": true,
      "order": 20,
      "custom_id": "steps_number",
      "hidden": false,
      "input_first": [
        "12",
        0
      ],
      "input_second": [
        "8",
        0
      ]
    },
    "class_type": "VixUiListLogic",
    "_meta": {
      "title": "VixUI-ListLogic"
    }
  },
  "25": {
    "inputs": {
      "value": 1,
      "display_name": "Batch size",
      "optional": true,
      "advanced": true,
      "min": 1,
      "max": 10,
      "step": 1,
      "order": 99,
      "custom_id": "batch_size",
      "hidden": true
    },
    "class_type": "VixUiRangeInt",
    "_meta": {
      "title": "VixUI-RangeInt"
    }
  }
}
